1.0,0.008718467954984651,0.03486396389931314,-0.008774217680754627,0.01935969388181068,0.03539022486797348,-0.007259149988314818,-0.03992807793447142,0.13508754733039052,0.19498242392032786,0.02448318751102216,0.12301768200940355,0.08597743331438047,0.24088297140181772,0.04025011435683763,-0.01494371348608739,0.07288529312835859,0.03446060116766875,-0.004901172005859166,0.0,-0.004619582825909296,0.030313720535698068,0.0,-0.0002474113585906705,-0.004720720749630987,-0.28970917979592814,0.0,0.41851227886731857,0.0,0.02036921242725763,0.0,0.22735516186873383,0.0,0.08582085937460067,0.0,0.11071706893852067,0.0,-0.047183722915105655,0.0,0.25087657508121847,0.0,0.06423413441495932,0.0,0.08672193852491428,0.0,0.0,0.0,0.07700639396314142
1.0,0.024014753486066454,0.03873360860988524,0.04143979689047514,0.05433458032848572,-0.014479716796495623,0.12842888196788468,0.1658531367078916,0.33740419205287187,0.03680262914450011,0.16826094799045843,0.07363786661140888,0.1114710059533828,-0.10458662446009376,-0.10883027905767742,0.011504781725009933,-0.016475725111671634,0.021054341604440335,0.10528257801818607,0.0,-0.07611415871677443,0.028142232717486945,0.0,-0.025878829665721404,0.02371095270393888,0.29556579711815734,0.0,0.32564093019155504,0.0,0.05898277527087606,0.0,0.22095709887458365,0.0,0.03242463311651699,0.0,0.12693579507936242,0.0,-0.020837211772897886,0.0,-0.052010419837831584,0.0,0.00630143911101946,0.0,-0.038955487465267696,0.0,0.0,0.0,0.021283697609987464
1.0,0.02963170753575899,-0.0047489096521238245,0.012649108347900728,0.02225317602670745,0.034357819141887666,0.032185626674177376,-0.002728229056173856,-0.1732528608782556,0.027945365535695346,-0.13442142593276274,0.17870750038991196,0.1649503822787439,0.3057548357303631,0.03929345237181444,0.009420615248090985,0.37373788085291604,0.041261332741572204,0.09640113548503254,0.0,-0.0493088071140379,-0.019506247517657595,0.0,0.015416541790439237,-0.05414083358958257,0.562591594059128,0.0,-0.044205487380936874,0.0,0.07091715020680293,0.0,0.12380907306200273,0.0,-0.005143495869820339,0.0,0.08967585087457017,0.0,0.0065347452184065695,0.0,0.24319752665434735,0.0,-0.054581470218327086,0.0,0.019611256822093685,0.0,0.0,0.0,0.04173409016131624
1.0,-0.005316572394750561,-0.004158394874364192,0.013325810930290893,-0.01816441272166176,-0.03133826655415475,0.13704368212518142,0.06474587093099896,0.294941225475145,0.0587248782459932,0.06374288898798247,0.347999058540906,0.024779039479676794,0.3105300485856892,-0.10713354654193649,0.01413722271147877,-0.325208281808689,-0.006845745106361515,0.13190219701881634,0.0,0.0003978356898267088,0.06474410105722192,0.0,-0.02884863977728955,0.027581627327826312,0.6157580301748106,0.0,0.27504818206111703,0.0,0.06754734977100546,0.0,0.21687122087079952,0.0,0.0032106998105952897,0.0,0.16564800099961952,0.0,-0.029385887981692907,0.0,-0.19258135895949563,0.0,-0.007596997409771674,0.0,-0.13034094198359195,0.0,0.0,0.0,-0.011759924681221027
1.0,0.031244929232985375,-0.0063179647681326076,0.016991618009625665,0.04777714502596568,-0.022369386843193863,0.06965317854768954,0.011237107568701783,-0.05944807051924306,0.2523504700908832,-0.017322126259156967,0.230495440771701,0.03657966210431521,-0.020422255260663158,0.03339885881166181,0.2721327892977953,-0.020237299460345123,0.05908827544382946,0.14897908917351918,0.0,-0.06280384897965141,0.004408005970960395,0.0,-0.0054156179592470995,-0.045521218691960165,-0.4188945287769297,0.0,0.476475072320545,0.0,0.019242651251457413,0.0,0.43700354587880685,0.0,0.027295818582331766,0.0,0.1665581093194366,0.0,0.056144740043701936,0.0,0.20649088881272704,0.0,0.020452772607612798,0.0,-0.0005883311323257659,0.0,0.0,0.0,0.0553404797845968
1.0,-0.023886546613051486,-0.0008895963343842298,0.004353870371075953,0.08070270571870543,0.11624144057722084,0.0036729802932606546,0.021426560592440694,0.2479106951324996,0.1647137451042679,0.24426626959800693,0.17403103966217653,0.022242657157489125,-0.0007261931142903411,0.0669902693057814,0.011883746508450588,-0.07489897874654991,0.03211683165631537,-0.08425597295080484,0.0,-0.014127812158501243,0.007748409718135479,0.0,0.000483878521755049,0.058860066756001486,0.7224201127678763,0.0,0.13582326655999555,0.0,0.06045129856668295,0.0,0.1708580302471378,0.0,-0.057258293025459504,0.0,-0.0003799616984483459,0.0,0.0018740443638347584,0.0,-0.009857568914360404,0.0,-0.013210820947787874,0.0,-0.040212115423036404,0.0,0.0,0.0,-0.029368059252436733
1.0,-0.05547158021881492,-0.025248675492247706,0.04313520664483869,-0.08395625572737747,-0.05352263706610534,-0.06148773847148305,0.08908949466006226,-0.12009055452069728,0.15089870189680857,0.11606567780726633,0.15326456251783574,0.21714581251524337,0.24601939886506521,0.15461429216810837,0.1667178107650133,-0.12635483525862717,-0.04882791418878569,0.07302649545441789,0.0,0.1400251768017387,0.015339533403907694,0.0,0.009618027443832965,-0.08094758730296367,0.20506464791121182,0.0,0.417877414555459,0.0,0.03302535660253367,0.0,0.1785734833651098,0.0,0.05030061874412495,0.0,0.17793263536560663,0.0,-0.0036007879254057974,0.0,0.006104637027793514,0.0,0.04567951790723512,0.0,-0.022828988415538078,0.0,0.0,0.0,-0.007180947835166769
1.0,0.04387072086635714,0.005379582338701139,-0.013161563735678554,-0.06005099762665596,-0.010867987411330299,0.11558260402076065,-0.045083027139882006,0.18799646105176765,0.023974245861580333,-0.10739336199666819,0.12854560778425267,0.05929775118745195,0.21955245201316825,-0.005578898496880466,0.09257116576934567,0.16652979870890844,-0.03765962587884564,0.12508494571728462,0.0,0.023760314072303848,0.07018384923224256,0.0,0.01746596366181678,0.04925109659858236,0.8047942948370924,0.0,-0.0041572023983042355,0.0,-0.08376092459269083,0.0,0.14488649747003185,0.0,0.062695475496302,0.0,-0.0673576746550447,0.0,0.028756438965469814,0.0,0.005792586428156582,0.0,0.013564014060571537,0.0,0.01292452730594039,0.0,0.0,0.0,0.0326108704838928
1.0,-0.0038293792103096455,-0.0032579422116687535,0.013834846170989484,0.06277619099255936,0.013290597462303221,0.013305937255062097,0.039096747866096515,-0.002930254067364052,0.025449807021651172,0.09427050624716318,0.19857080535743438,0.1709703593083767,0.1366470894277697,-0.0797899997396935,-0.005572261772823772,0.2981841835169489,0.0069350222599464315,0.04326765106470036,0.0,-0.00589893001191133,0.0006376437877406022,0.0,-0.0159586207249703,-0.056356874607723755,0.17192732478859862,0.0,0.35870830954779254,0.0,0.09208523883802558,0.0,0.09038365464789032,0.0,-0.03701588960464058,0.0,0.05736700016891353,0.0,-0.003578929015531254,0.0,0.22692401684622937,0.0,0.02822389414278825,0.0,0.03684682746305571,0.0,0.0,0.0,0.03448542678460227
1.0,-0.00338526241193908,0.01958835134488074,0.05276893888172142,-0.022006928410478025,-0.07366940834570893,-0.1174726411305952,-0.017994849577010946,0.2596401571140763,-0.19411032198232672,0.1284799601583716,0.18534843240018706,0.10734504855687688,0.7064673512523021,-0.014278946006894756,0.09481900439145262,-0.08553549498164587,-0.0010055977975036885,0.06574538783146981,0.0,-0.04739511492587581,-0.05318838657085774,0.0,0.009840320209496795,0.007349774728885421,0.03467601725017144,0.0,0.49249000046588765,0.0,-0.04696231986617645,0.0,0.11936585818963207,0.0,0.030784090414804254,0.0,0.10107500506578464,0.0,0.002354258575117841,0.0,0.2375005058149427,0.0,-0.004830810941086238,0.0,-0.012224073398264368,0.0,0.0,0.0,0.03842169370030084
1.0,-0.04202829326280811,-0.0224280601001933,-0.012005594189396784,0.026130200268443333,-0.031587122796267755,-0.09650917981963643,-0.052546519001756345,0.04073065240550691,-0.0638288445587828,0.11973155539811535,0.12473380092019205,-0.013300164304475379,0.0799456312345378,0.054091929748939734,0.1873311845160167,0.3799528419458366,0.019215469846610836,0.24666595351424814,0.0,0.06006259722069877,-0.005459857474850147,0.0,0.0011018184890203113,0.030079821404609835,0.7684569643628818,0.0,-0.06663216518513508,0.0,0.030093205648988444,0.0,0.128097089833064,0.0,0.04438163420314205,0.0,0.15366506668389768,0.0,-0.006595169926232428,0.0,-0.09641056087633815,0.0,-0.005890322671798141,0.0,0.03637830455185436,0.0,0.0,0.0,-0.015623868028934385
1.0,0.018489445788854506,0.005843281487053953,-0.023123834971549472,0.05277774475902114,0.011337632004646839,-0.03706004445248191,0.004400770584671997,-0.12307146726654614,0.0011803712543581035,0.09479009153365549,0.20340504745684868,0.17844115692846257,0.1867939004148933,0.07221803021193893,0.1333051389323272,0.07950923290151674,-0.010831091057293843,0.1141619070052747,0.0,0.036940291946717024,-0.004674900304768869,0.0,0.005167294842399434,0.03597268757365463,0.8675318293834028,0.0,0.12171049259626732,0.0,0.011218662607701182,0.0,0.043792805284687986,0.0,-0.043626729141402594,0.0,-0.00969593850424487,0.0,0.02842514121096704,0.0,-0.047584381620283334,0.0,-0.008081466927321597,0.0,0.003274142690883733,0.0,0.0,0.0,-0.0029372451543124393
1.0,-0.030275604080530545,0.00925512209853439,0.0011966736894946503,0.06022255246703992,-0.007411522644029726,0.06568287115812144,-0.01892008668127461,0.14820943871082184,0.050410639001605015,0.1189434618207492,0.16432956766668658,0.0586617537001973,0.18039558365301905,-0.029800527386492554,0.11266921804466654,0.02614957393776878,-0.03786865027737189,0.011416464384035815,0.0,0.1465770543339339,-0.019791705106159733,0.0,-0.010051878490814816,-0.002936935200491854,0.7164001224699573,0.0,0.3690363414967791,0.0,0.002124607497259092,0.0,0.006236801558632973,0.0,-0.03013329464331286,0.0,0.05365314846967981,0.0,-0.007457694901737929,0.0,-0.031502325000816817,0.0,0.010773354682147306,0.0,-0.04339234084947494,0.0,0.0,0.0,-0.04280178557862131
1.0,0.008696661401098219,0.0052682424222297,-0.0784421856751509,0.026791959913934873,0.1653940813160307,0.13456811986921574,0.08992968852037073,0.2450538348292899,0.17064765719133332,0.203154648432968,-0.027408443621978584,-0.039646897636394465,-0.08464605008590953,-0.10439520563628357,-0.039350942219821355,-0.015093388094554738,-0.05768966415642446,0.2285090725990672,0.0,0.11368612279920422,0.028287169901692888,0.0,0.02668551793008217,0.09969150326710854,0.33264305541652694,0.0,0.24149650350937243,0.0,-0.03853830685106831,0.0,0.08439510983369632,0.0,0.05684894115522847,0.0,0.14673077439321514,0.0,0.012832325077106632,0.0,0.02676411346748983,0.0,-0.0056949182299198126,0.0,-0.022446639230394496,0.0,0.0,0.0,0.06527753819163828
1.0,0.04917126660548664,-0.009001271091432676,0.007436707384130672,-0.08303899857359953,0.009189590461807307,0.11336844935501329,-0.08910287713639103,0.14879846506459932,-0.04798528206971833,0.13592876842669774,-0.06749609023522246,-0.019484165264742545,0.14543600763863002,0.03744852271449037,0.07319430905270419,0.40351213900422406,0.0015408042570492532,0.14175852930480337,0.0,-0.002090825592912224,0.034174165816015276,0.0,0.017241784878368704,0.09769014803951634,0.3516856623479174,0.0,0.34252354019840836,0.0,-0.016365593224958095,0.0,-0.0467588222940873,0.0,-0.02877400227891403,0.0,0.05903133637748184,0.0,-0.007763284344548835,0.0,0.12003504110564978,0.0,-0.019027999797780196,0.0,0.058794717623098146,0.0,0.0,0.0,0.08892925624821674
1.0,0.023915921642946186,-0.026204616550761076,-0.03774027160815412,0.01338662532115914,-0.09360975126294058,0.01552348447019912,0.010126259353246861,0.4001456511504753,0.05370682628093157,-0.1632275854487735,0.12754738506889599,-0.1051869362714358,0.26197904945830336,0.26250277769267016,0.24264327793245885,-0.11178166627170626,0.005583130466242942,0.06611660614243973,0.0,0.032396473619001664,0.041056848857437725,0.0,-0.018879490042637708,-0.0754168875446711,0.3927912025076926,0.0,0.3224559349996968,0.0,-0.07629944551360508,0.0,0.0782031178851534,0.0,0.04476412056163662,0.0,0.23204602906803223,0.0,0.035006007975077295,0.0,0.018033347570345526,0.0,0.00927791568310525,0.0,0.038340968569960936,0.0,0.0,0.0,-0.019202311762424193
1.0,-0.02840744077877178,-0.00785019856438553,0.005727340902980725,-0.0591143807186926,0.004340193126526843,0.2325208769547859,0.08990131560589515,0.1829472421768987,0.07197294104017835,0.06341656318060662,0.05827921109927243,0.10688338711220793,0.2913965276687148,-0.06016824292555732,0.017728367459221517,-0.12857274660360257,-0.05324943824045665,0.12185997171576672,0.0,0.05678820670882789,0.0493185921343227,0.0,-0.01571828905474052,0.06205667724435164,0.8068202428207734,0.0,0.13814364298686305,0.0,0.017901602560514932,0.0,0.0034487089936510174,0.0,0.040620593635297665,0.0,0.23667185496906334,0.0,0.001445581191326849,0.0,-0.27264882511775146,0.0,-0.0017467386367040327,0.0,-0.033725887066440766,0.0,0.0,0.0,0.0010125464190546933
1.0,0.007739912231927448,0.020732511439250485,0.01773734485647671,0.1622290418984351,-0.018182977691756197,-0.01222822198255219,-0.0010382408392325265,-0.015529576467173956,-0.15119037972734203,-0.04351991309525963,0.07032570530224927,0.06889741821441067,0.07497382609936981,0.11924749081777884,0.3135977994061754,0.21920632880842728,0.060954833958130374,0.023989719587335145,0.0,0.01998400079670678,0.039441416428803534,0.0,0.022631959957840644,0.07094655814074524,0.5726737093961447,0.0,0.10922492311320925,0.0,-0.021686641412265343,0.0,0.21291418808503892,0.0,-0.055997666595953156,0.0,0.02620413071576216,0.0,-0.0005257716202848759,0.0,0.11734519224704842,0.0,-0.010016190340236616,0.0,-0.002101165122817661,0.0,0.0,0.0,-0.018981266606390934
1.0,0.012355162407810191,0.024607426140685965,0.1159667084765332,0.06462360410488839,0.020744586127224976,0.24474011898699183,0.11762938848480912,0.16369605048605113,-0.08996426274327671,0.0454646308213532,-0.0694986478857563,0.026350721491171493,0.4094006030667078,0.03094528210491244,-0.051730548267643756,-0.10781199970095436,0.0005391411005534509,0.007416737434793312,0.0,-0.008226720824215439,0.03573787674426719,0.0,0.007014141443091914,-0.009862218370767485,0.19139173473632187,0.0,0.44729216234825586,0.0,0.025013517765748495,0.0,0.21388645452961152,0.0,0.08437985355101207,0.0,0.11100256207295389,0.0,-0.06285165153521205,0.0,-0.10533583559479501,0.0,0.01376096878104378,0.0,0.030029348588450293,0.0,0.0,0.0,0.061293103127376805
1.0,8.568198294176856e-05,-0.011014467256861709,-0.04083292660502197,-0.01315827697636784,0.0738685485950287,0.04496854414797054,0.05845172201236126,0.4710106378865978,0.1318499228997605,0.23081572038262585,-0.0029085810254753375,-0.001980976578193905,0.2604893039771534,-0.06602741696065716,-0.037160393102527584,-0.037711560945631925,-0.07303555341056911,0.05146971945533167,0.0,0.02227593074478125,-0.04006716751945209,0.0,-0.021388411703794585,0.0475635890207039,0.4696745891202053,0.0,0.12773639540888027,0.0,0.050826340518093455,0.0,-0.04409079510071752,0.0,-0.013142486959859971,0.0,0.1229838671122062,0.0,0.03822948439962231,0.0,0.22340416694054227,0.0,0.009245185182438467,0.0,-0.007898409516099027,0.0,0.0,0.0,-0.02453192612601587
1.0,0.0321900635266307,-6.0902891712849225e-05,-0.04109110912662198,0.007863809003680469,0.002564831789772271,-0.08363334020625579,0.04526111402071075,-0.04774047176369137,0.01025648364455782,-0.01464617683851839,0.017843664489210924,-0.008091593202061348,0.2556547069904801,0.08728968100732495,0.36384758792818106,0.18170115528486208,-0.012354705404592438,0.14763663552954248,0.0,0.018101046293778088,0.02209216570227201,0.0,0.015315354222451491,0.05921627951193076,1.0765012713901447,0.0,-0.1488253588482218,0.0,0.0033475829902143636,0.0,-0.0475659559875124,0.0,-0.027493138920139056,0.0,0.03990263450696102,0.0,0.05123914435123308,0.0,-0.022204786540484855,0.0,0.013861028748448759,0.0,-0.01985888003716673,0.0,0.0,0.0,0.02188017883459235
1.0,-0.0028900566739310848,-0.030120518712691544,-0.0014089555999404488,-0.1041268677532187,0.0014889633374258696,0.039264871049891,-0.02124811588555542,0.22299528253868162,0.07394127473439442,-0.03253464384274704,0.11973021190951126,-0.10850988354578547,0.11238179092964834,0.07017242218019171,0.15790251400284958,0.15734139271628905,-0.013200911908532622,0.3370377796737668,0.0,-0.07059742102961566,0.07772731038421235,0.0,0.014653561495155596,-0.02034233512498288,-0.4413454893487372,0.0,0.5510400732007616,0.0,-0.02777865833435782,0.0,0.17093348999410135,0.0,0.0028673837000159005,0.0,0.21619940013765054,0.0,0.07279021994167752,0.0,0.40041304803955285,0.0,0.03666676292500892,0.0,0.009558324945458524,0.0,0.0,0.0,0.028997779923850445
1.0,0.016046348632624104,-0.03709295927271516,0.06443951945797134,-0.031013762027980233,-0.038296912090737725,0.21692062898017145,0.033034183912747046,0.026780821989148038,-0.021949840030805037,-0.03400627296296341,-0.05381090143155473,0.05901544584993237,0.04919109726832033,0.08545666434987853,0.1603756034595502,0.17864900789810223,-0.018410920821389606,0.179814739470722,0.0,0.11853585573472636,0.03467471432470131,0.0,0.01164693730955057,0.10432774836682504,0.67969156307439,0.0,0.3679205548367481,0.0,-0.03240009601496595,0.0,-0.0861066520065044,0.0,-0.030782495699670682,0.0,0.012324924610792612,0.0,-0.00034488747829195237,0.0,-0.013383934620391613,0.0,0.004750473593997273,0.0,-0.02699871787743895,0.0,0.0,0.0,0.021001519214510125
1.0,0.03920557147830192,0.0024435940975401377,0.04998377331965463,0.0027902623305499624,-0.06137554023287742,0.11835268798248619,0.01792349410989722,-0.09473672754436563,-0.042325726611221304,-0.023316302524455115,0.1351220272848787,-0.00785179159267372,0.31166535596771755,-0.041149032547931494,0.1878084199075043,0.23453941159325498,-0.05414643398474267,0.14436932658328364,0.0,0.03296348075719347,0.051268128032390635,0.0,-0.0035339784063856544,0.10277538169857307,0.6821891657608719,0.0,0.13269179034508183,0.0,-0.0007400235553881376,0.0,-0.05266527232651952,0.0,0.10425617814479898,0.0,-0.08115403495723332,0.0,-0.018897190431986663,0.0,0.02796484800125129,0.0,-0.0021263795276327876,0.0,0.030530519308966962,0.0,0.0,0.0,0.07517501753921679
1.0,0.0043271123579753,-0.030576186396832402,0.01772368896894545,0.048550885201888536,-0.047667170279374574,0.15985380510675207,0.021709753343323646,-0.23195182500120193,0.013909450070059007,-0.18471189678260672,-0.11086031264987958,0.10739029412513677,0.25218954612772654,-0.014410216637477255,0.03679885088606823,0.5154730032711061,0.02968884767571582,0.21934468100780552,0.0,0.0927420424348101,0.036377042327987476,0.0,0.06409860484207246,-0.017761302940704556,0.7793992966663064,0.0,-0.26325214769219984,0.0,-0.006705219344163436,0.0,0.13945665955559294,0.0,0.04323025388435591,0.0,0.1818443588111205,0.0,0.015392652856153703,0.0,0.08156651148278521,0.0,-0.025143730847636575,0.0,0.01231070190788077,0.0,0.0,0.0,0.05966196566050905
1.0,0.0457259805711728,0.011574093938583614,0.013732783297373916,-0.005027661109196365,-0.026329734801042285,0.057769256540281796,0.036037690181553034,0.30685554736156617,0.26254974196665015,-0.01711665038561655,0.16780285754728186,0.08831517606341424,0.3219414786236293,-0.10369490435590958,-0.09596199221511095,-0.19106942968996715,0.0003306954844451912,0.06958102984938161,0.0,0.0033264275734667392,0.04801128912026343,0.0,0.005646324437778427,0.08036783826308821,0.3622474623967026,0.0,-0.016675239111736316,0.0,0.05974662704986351,0.0,0.15990639079583585,0.0,0.04842866035507589,0.0,0.12457612386524773,0.0,-0.025873861207582033,0.0,0.13290238927080683,0.0,0.03902570453385469,0.0,-0.01682646292376234,0.0,0.0,0.0,0.05217436671260525
1.0,-0.06985769274112211,0.0027102158833953397,-0.022837963933986762,-0.10638086650185555,0.05775234418496221,0.11626757073314621,0.1067444848348286,0.11932141121598921,0.016853596686756064,0.2540842504453845,0.46099490244775954,0.07863087034938718,0.4365380290812064,-0.11614692313690039,0.09239986335391837,-0.3601714722597346,0.02268835536123688,0.025115723822265037,0.0,-0.08912450197100283,0.0041833581855349015,0.0,-0.0297655560411681,0.015288608356399024,0.1283655634016161,0.0,0.5842300384789448,0.0,0.04962518377794385,0.0,0.2693495086177386,0.0,0.001423899021932483,0.0,0.09867659145355925,0.0,-0.013042044143018051,0.0,-0.09670218845775133,0.0,0.022029303710027984,0.0,-0.0668701794156775,0.0,0.0,0.0,0.0076257151982848
1.0,0.04599585258313221,0.008277091542243313,-0.017167502256074774,0.02973805705042761,-0.023767998633643112,0.200339121234757,-0.013364593370892082,-0.00542333542728235,-0.01222693335606645,-0.20514459405438087,-0.0503648683455194,0.06921290183005209,0.18133531312367257,0.09149089595012035,-0.00030410614330908525,0.2613348561524987,0.05005338575453735,0.2259336744512615,0.0,0.0214326861887265,0.10126932133109424,0.0,0.04135077439464481,0.003720796059394217,0.6028467940387408,0.0,-0.00011822941308163581,0.0,-0.0553880314428756,0.0,0.1772318934904722,0.0,0.03961917422169821,0.0,0.19117345664807223,0.0,-0.043753763962171004,0.0,0.10575428123990754,0.0,-0.001263879253448343,0.0,-0.056753902534532094,0.0,0.0,0.0,0.03693141090782394
1.0,-0.0017610216561080635,-0.01927814980547887,0.004031880833109032,-0.041472445298074714,0.05269388537185926,0.011567700185997863,-0.05176162322885933,0.06841916993774341,0.010922981570886801,-0.014678590695181362,0.055042412676765386,-0.015278757746565168,0.2127836569913053,0.09661999866483409,0.20212943717861967,0.30060075407713105,0.004667623316979428,0.07230908764436852,0.0,0.027310824754422106,0.020494742122747732,0.0,0.004636433103497551,-0.017013903256915687,0.8576922349115632,0.0,-0.10857646934392023,0.0,0.0377576707017486,0.0,0.13472954514926094,0.0,0.04066812369804418,0.0,-0.0633633629709409,0.0,-0.026669597281031847,0.0,0.11180275458989392,0.0,0.022090953113434324,0.0,-0.029788156990455786,0.0,0.0,0.0,0.04067020767931975
1.0,0.019967410105177972,-0.01689170696353412,-0.026762107662863462,0.024426578502512054,0.023122961218973483,0.23150065490178023,0.13014239362031105,0.41248516249311834,0.032657323846793464,0.08790560580211655,0.19280837653614574,-0.054780868135075406,0.14854173502448925,-0.14078356479912532,0.04235016802123617,-0.21957032581855424,-0.0186458160780937,-0.020097906473478474,0.0,0.13849714515504702,0.01953976302016985,0.0,-0.00641298231714648,0.06206082119678956,0.9675834812387762,0.0,0.12131770748185189,0.0,-0.042754351334485824,0.0,0.09970727510251226,0.0,-0.01937674268916368,0.0,0.09839695097058822,0.0,0.031265080003821104,0.0,-0.19533456941653307,0.0,-0.004998225714183395,0.0,-0.10658636055998284,0.0,0.0,0.0,-0.011281066279990298
1.0,-0.015606523716493764,-0.050856578438857734,-0.04843658469277539,0.07210989749286366,0.06482097640827969,-0.06619170548683996,0.06235002415023294,0.06729346476670614,-0.2142918419977823,0.10634003395983968,0.15277152668475763,-0.009342080841298186,0.27283605327414434,0.1371290911628937,0.16128377809638264,0.23248506771323663,0.07798778622372146,0.08622982968463487,0.0,-0.02465357363955177,-0.044381387239808626,0.0,-0.019877253564286167,-0.10437334681729171,0.2545424213299682,0.0,0.44057892339101723,0.0,0.04523241652261249,0.0,0.39734496765498056,0.0,-0.04713359002247707,0.0,0.06892274538699696,0.0,-0.00308757449241179,0.0,0.00651671266925502,0.0,-0.05285695351993597,0.0,0.016973973818995465,0.0,0.0,0.0,-0.022660695921709318
1.0,0.06007635843026703,0.0075950537092352305,-0.02201729038175481,-0.0008397589163742555,-0.06843393520733218,0.04445867241844689,0.06638017724868814,-0.02424686202810869,-0.04160847183006201,0.04689152772126759,-0.051779265648427955,0.0613756147358218,0.251264554228839,0.04714915006924186,0.337357258290367,0.1697879578790727,0.07957250654193576,0.0763428347268235,0.0,-0.04436012086559321,0.0005884631346396718,0.0,0.004445575743006705,0.070669066397021,-0.037812243541912816,0.0,0.0610135975484731,0.0,-0.06390212319468268,0.0,0.4387490156121813,0.0,0.0629684355998544,0.0,0.07240524687526409,0.0,0.06689537690468662,0.0,0.2449548177624855,0.0,0.020729291957564355,0.0,0.04627444299728873,0.0,0.0,0.0,0.017055075081776245
1.0,-0.001733217909206627,-0.005477551059730688,0.02573283026865142,-0.011840194834408808,0.015188457223550287,0.12571495827840035,0.0022991506064927586,0.20146217757692064,0.19498809717382135,0.17417109581392307,0.2541525693288338,0.01572140712239444,-0.051310804385480135,-0.03793184460660526,-0.18168613966752942,0.1814038798775427,0.02298356475015908,0.021362977990761003,0.0,0.05783991747927966,-0.012959931823000932,0.0,0.009918600795232775,-0.06564380014775001,0.1646102541003529,0.0,0.39239814818747565,0.0,-0.01575118310806854,0.0,0.10865127269186815,0.0,0.03904756488302365,0.0,0.007423718991425882,0.0,0.0009029574479230392,0.0,0.1590456728789873,0.0,0.019476764927971454,0.0,0.15515694450283107,0.0,0.0,0.0,0.034681684643959335
1.0,0.02071597063538125,0.012241449393629873,0.009148615222102245,-0.02773673236770945,-0.009591010250318145,-0.0070360884096309605,0.03276899585605307,0.05330401374932187,-0.04647221413395386,0.058442570548590395,0.14280251806127794,0.07456238880189958,0.46338060268367315,0.0096875421346386,0.07697553676883241,0.044040251770017705,-0.03447770422050725,0.10799155366264608,0.0,0.0024673377631521665,0.010277319906318898,0.0,0.006507082424584355,0.03913245953029827,0.7956658497095866,0.0,-0.04572726417439049,0.0,-0.02861377559348084,0.0,0.01521647256499048,0.0,-0.011445230211930398,0.0,0.08991361348843738,0.0,0.0439456371302507,0.0,0.09722406859623234,0.0,-0.002413219391573988,0.0,-0.023106685474481282,0.0,0.0,0.0,0.03020807382606148
1.0,0.02794422410676577,0.01039209992145668,-0.0460268663451681,0.10721560617189191,0.02169643574120278,-0.08683455218335553,-0.004477830049039386,0.09609242148756975,0.028495235912452156,-0.03722083670068671,-0.009313964070409048,-0.0033033588956446203,0.3655605721030716,0.020107277776816992,0.02906725969477872,0.20387495669458888,-0.01512739516867718,0.13694239263317884,0.0,0.10889329550300238,0.03277843320977282,0.0,0.013244592456431094,-0.029373134380824374,0.3022487479718289,0.0,0.0788068529776281,0.0,-0.04209094996237474,0.0,0.400048383255292,0.0,0.07764268602669037,0.0,-0.10124524090555122,0.0,-0.012236826671427947,0.0,0.1943563597494189,0.0,0.0418781704690476,0.0,0.04326793533923281,0.0,0.0,0.0,0.04669701613103905
1.0,0.030080495381814638,0.013629034918524421,0.026489982214164015,-0.1118203885598785,0.009208981081027384,-0.00997550266028395,-0.09585552723169127,0.2051968009866965,-0.001798909086437761,0.13673647328328434,0.017580010972967533,-0.01083705711760622,0.450417894178925,0.07469228031847777,0.22571331268737208,0.1433947555404021,-0.030167732478144478,-0.018966243819925104,0.0,-0.06265937109035494,0.021785496134777912,0.0,-0.012844785654111457,0.05198482258163233,0.6262814610535167,0.0,0.23172093332610819,0.0,0.013159931353444222,0.0,-0.10984528691782526,0.0,0.010484932746976615,0.0,0.12218105232845315,0.0,0.056521995858467115,0.0,-0.006279145002594577,0.0,0.0022653512921953587,0.0,-0.01109290525793924,0.0,0.0,0.0,0.012616856637565944
1.0,0.0013741245099830705,-0.006788220608728765,-0.03742763193004685,0.0015325191197644895,-0.029325124870200867,0.04542555084281523,0.016857634569190448,0.3256801417485195,-0.04288674505080341,0.16067344429585767,0.08446922593251023,0.04056134215522167,0.5288815613445412,-0.02884440878217505,0.04543263274987809,-0.0646926270654475,-0.013138208488094286,0.04677702061776061,0.0,-0.03075056513336119,-0.047016875941236144,0.0,0.003205209984052139,0.04150322062042813,0.17684000696691715,0.0,0.23896728810600606,0.0,-0.03808883611948849,0.0,0.14034348471694044,0.0,0.05961504704465663,0.0,0.14686501063845758,0.0,0.08397745201372321,0.0,0.14883419495903422,0.0,0.02971745880907908,0.0,-0.04735640394615323,0.0,0.0,0.0,0.01878207619039927
1.0,0.003134182593504519,0.00037150588276932406,-0.008502216376130755,0.11319843686713435,0.0953951872617114,-0.012793797267688208,0.039815682091286976,0.1567412979418059,0.1598590667960779,0.22836808952205828,0.023806395991261865,0.18566023441152454,0.11234195083607587,0.04432373077051783,0.0016797301920474517,-0.015581676362193833,0.02480460782273633,-0.1381897089139644,0.0,-0.0089310802977014,-0.009802802803542385,0.0,0.00430118304070834,0.054592433227044386,0.35892753600161653,0.0,0.2136122181022588,0.0,0.017536864963988097,0.0,0.47061460679614614,0.0,-0.02024206501044821,0.0,-0.17099521804998913,0.0,0.013043727464247545,0.0,0.03486877118667275,0.0,0.030203024261436676,0.0,0.02079194760645197,0.0,0.0,0.0,-0.022953846549426615
1.0,-0.013858349539616673,-0.04065643381855292,0.01319775937407569,-0.0037105254473300524,0.06816871392758865,0.014831195117654038,-0.059661306048762935,-0.13495347274086378,0.1009206734521442,-0.06539362209101726,0.11246825355705907,-0.05865830781718208,0.03162518922565086,0.11070026979333716,0.3063544776565861,0.32476749051804404,-0.02107850861941518,0.08284850781648162,0.0,0.16768692026669668,0.033122371592676274,0.0,0.031278703824747636,0.004550848850500902,0.8956692028085238,0.0,0.04950127097111834,0.0,0.10686606955474923,0.0,-0.14171674681472696,0.0,0.06122442635543964,0.0,0.009197168726900067,0.0,0.012504602648797235,0.0,0.05539616426820598,0.0,-0.03726733123089833,0.0,0.016042809287177225,0.0,0.0,0.0,-0.03196848542578619
1.0,-0.03738418905496983,0.05568603612315121,0.07107901303579313,0.16332903203267932,0.06604683248829309,0.30610531279889697,0.11341528616140636,0.08889484369688458,0.01820515288008294,0.16361747860596912,-0.08139742128947483,0.012876595410013694,0.013867983994611532,-0.12424293628875757,-0.18137025671620907,0.12555053523177273,0.022188569220255167,0.09886706240393008,0.0,0.09890724045218022,0.024408706865772935,0.0,-0.01865087805228263,-0.006724129278063977,0.1550037512469975,0.0,0.2825993418905831,0.0,0.05242773959146739,0.0,0.2947798192448906,0.0,0.08764224005432958,0.0,0.0735034631871511,0.0,-0.035889439982698376,0.0,0.04986370888389399,0.0,0.01002296489600409,0.0,0.02865781089600452,0.0,0.0,0.0,0.008112729369440467
1.0,0.013633228915394605,0.037265763948348345,-0.03517726297725206,0.06115312881181462,0.052813751697755484,-0.033445739951476275,-0.017660260886029497,-0.2592741188984836,0.12052217252568669,0.048385842371740095,0.12928967398014213,0.1491477643007615,0.38923166860454894,0.0072981385410200855,0.19581200760944378,0.044702170796508664,0.03508806004042777,-0.06739665777373258,0.0,0.0459246164006052,0.06623407033485126,0.0,0.016451981607925402,0.06999131452282871,0.7678397111820559,0.0,-0.03817133029325229,0.0,-0.02476525341401573,0.0,0.1817228311773213,0.0,0.012107231489827768,0.0,-0.018912045574344255,0.0,-0.014396628125019309,0.0,0.04670316859273452,0.0,0.010198535981967082,0.0,-0.03412320490985732,0.0,0.0,0.0,0.04180566936975347
1.0,0.02261735191256244,0.031433973040164674,-0.08936655420308941,0.04321219325543443,-0.00431656536344599,-0.04949250277478778,-0.022778004258160955,-0.0454551033627946,0.15170187359086537,0.21143904598520202,0.018089441817411525,0.11496688990356443,0.325902956681776,1.9738895265991596e-05,0.021924413520471198,0.17105507192092284,-0.010055270691454841,0.04640373262350807,0.0,0.010569129264696303,0.03528202230599671,0.0,0.016846165935892388,0.020519153476111322,0.8940421417065186,0.0,-0.20227407224016197,0.0,0.0040452143089354,0.0,0.11502389977785075,0.0,0.062174125862385375,0.0,-0.020749610542675503,0.0,0.04043773802799853,0.0,0.028706852116659742,0.0,0.02114434432099808,0.0,-0.000705728429681883,0.0,0.0,0.0,0.037635941615061216
1.0,0.014438063984839898,0.06219974428134293,0.05553958836283039,0.08415920351738086,0.14685071135617908,-0.0025202014217736643,0.030251257651724227,0.2374040517206602,0.30470474712015005,0.04694928119998523,0.23077069050361793,-0.14606751210798405,-0.03500045411741537,0.07736375100069412,0.12349897165166072,-0.18727801334540917,-0.03778932498355593,-0.08195328713588028,0.0,0.03613155737621366,0.033368043380452406,0.0,0.006979130004286903,0.07568173239342364,0.7549512527293165,0.0,0.14916045102767186,0.0,-0.01956865914642403,0.0,-0.13830568821011996,0.0,0.11052525105801472,0.0,0.016231525975782875,0.0,-0.01806037274941009,0.0,0.039683945709480056,0.0,0.02752831573789793,0.0,-0.015222014029312288,0.0,0.0,0.0,0.017394259503678466
1.0,0.014947605486213107,0.0021900349902489145,0.0010940659504030349,-0.10774595722669916,-0.02133670165167304,0.06027778710639127,0.010222190795055076,0.09964369185826569,-0.003010457997823457,0.11002243592608091,0.0487880533496022,-0.014190430426587505,0.15940116143630967,0.04871133329783985,0.10153388026024382,0.25301952635576935,-0.0023723767867283533,0.10923796287396532,0.0,0.11061346123467264,0.02755715064375891,0.0,-0.008604417475307685,0.14256145289494088,0.7067425741491986,0.0,0.12079576364320277,0.0,0.015809576141854936,0.0,-0.1503827054918377,0.0,0.01574849653766535,0.0,0.16795308219470761,0.0,-0.025031843759385004,0.0,-0.007683322728545328,0.0,0.04927856046026492,0.0,-0.04815346062435725,0.0,0.0,0.0,0.012361826582290816
1.0,0.0361823077352245,-0.06659718126821491,0.018571952172780376,-0.04097694473029055,0.07083423326224986,-0.03555236394265536,0.03402985206786457,-0.12941384585487023,0.06091137467942303,-0.025765722895288126,0.10020450718177341,-0.09707499825400656,0.08886735155880665,0.09940083825778595,0.5806488189216509,0.17906174188946183,0.017879593636385104,0.10863555736303143,0.0,-0.005697337261776014,-0.00014167659118263093,0.0,0.005991942071847333,0.026248465216204137,0.42280336532386253,0.0,0.21381117307313194,0.0,0.016840577072037764,0.0,0.09972729437184931,0.0,0.019681976911792937,0.0,-0.02976118706452692,0.0,0.02152296716830532,0.0,0.20006811347297276,0.0,-0.010578123112983635,0.0,-0.0030818610636818983,0.0,0.0,0.0,0.02271723863103679
1.0,-0.000826731851211163,-0.0014324951624528686,0.024267415686042258,0.06367254510550716,0.01272966670077743,0.038343978993194874,-0.05430858547178262,0.3158079303731921,-0.3300647905907055,0.19300276420513546,-0.011091383420265513,0.1642549297945778,0.4838201684928385,0.06808021794582646,0.17858504471180756,-0.11745835467424422,0.0007117650369978454,0.02217951700004485,0.0,-0.04447418679124471,-0.018740418783846323,0.0,0.012941002699810817,0.17625342861453477,0.6805787594321606,0.0,0.2821999121868082,0.0,-0.010751072936798858,0.0,-0.039899369817876326,0.0,-0.020634553194446417,0.0,0.11036712745821123,0.0,0.10254337868364215,0.0,-0.1225557251955585,0.0,-0.04455051674432586,0.0,-0.07680102407918588,0.0,0.0,0.0,-0.03675034440716513
1.0,-0.006671978249648781,-0.0042467629384423024,0.015896334011500795,-0.05390447462946245,-0.017210348655626904,0.04692682555259478,0.00033138999563887134,0.05451180348160146,0.06605859493528296,0.13463812091560834,-0.09001447089301512,0.3157384603505353,0.17654612272810496,0.10608071732172256,0.11795766323050164,0.18342343979602527,-0.045770777524510003,-0.04985680124809419,0.0,0.07583153396602355,0.013871619593910485,0.0,-0.04013701174025103,-0.04431927375641891,0.2502809289132818,0.0,-0.015185818841377312,0.0,0.06123969708421305,0.0,0.4330416796518942,0.0,0.04137251250729057,0.0,0.14551471790093468,0.0,0.016400276620829178,0.0,0.04127082374855867,0.0,0.03514572830091149,0.0,-0.004758211386918738,0.0,0.0,0.0,0.03999693925680163
1.0,-0.03159534350097566,-0.003539367960241119,0.08200975390628375,-0.014063020536308262,-0.021033013011998634,0.028597015329482365,0.022362112903374663,0.05697531059258024,-0.021398902104701772,0.17359665737911345,0.1327284737649436,0.013496627642003853,0.19762313405452103,0.07118214376457646,0.2873170875270682,-0.015054479009429272,0.04152900849155645,-0.08673792926588783,0.0,0.09673511601531704,0.025555412820491914,0.0,-0.036285798801770894,0.08148257007013383,0.9700857088113976,0.0,0.01995742486460092,0.0,0.018556653866381927,0.0,-0.033104798451130985,0.0,0.017585069941118976,0.0,0.09086876768083996,0.0,-0.05977714715004532,0.0,-0.14839866870778173,0.0,0.01676016114217337,0.0,0.05012571358835883,0.0,0.0,0.0,-0.024141455656046855
1.0,0.08756723935369698,0.02613944501145902,0.0866815413152096,0.11093010362731101,0.009668555163157387,0.18133302890582698,-0.053496545624764455,0.12492295666275363,0.24699424592838118,0.049882988472441894,0.3155746614994892,-0.029492577965681513,0.06334761486768595,0.07714009461788911,-0.15787071581637155,0.22696403611886617,-0.05341359732356026,-0.16474967746573163,0.0,-0.04369944697952566,-0.08286847258304697,0.0,-0.021555477785485087,-0.006491875872050738,0.37163054402918194,0.0,0.5454050006921661,0.0,0.057891433497215775,0.0,0.009351526371954424,0.0,-0.05822299677600636,0.0,-0.18978305698055303,0.0,0.05259357861641493,0.0,0.11908255659687944,0.0,-0.013679341321600036,0.0,0.09014902311308765,0.0,0.0,0.0,0.022073608033309645
1.0,-0.022611681086354956,-0.025499609948650786,-0.006159446276273667,-0.0845079400630437,-0.07195019707344517,0.11446201507677554,0.08445571120526071,0.24905364103235783,-0.16271372851238766,0.02267450114474745,0.08038737624722048,0.07179843022724866,0.31668661839480455,0.2977648694218784,0.18135779311936223,-0.12027842659627157,-0.01402619188364974,-0.001468328185557196,0.0,0.04364688782575684,0.06195179293018683,0.0,-0.01502408699996486,-0.08004462739746002,0.3390427833310401,0.0,0.3060724075187109,0.0,-0.004220669598086004,0.0,0.2377627579346826,0.0,-0.015732691528837564,0.0,0.24331119019194086,0.0,-0.018617200191282313,0.0,0.03079245675317202,0.0,0.015879833706405364,0.0,-0.0700634436925118,0.0,0.0,0.0,0.01581720297222645
1.0,0.05310111814932189,0.021662039868266935,-0.005584345976087737,0.046232364361524586,0.07182634217648345,0.2597911431625823,-0.014758034788706118,0.4039163816833965,0.18107795830258702,-0.014047777530981534,0.059548595620639716,-0.0018757373971945435,-0.10243636616279989,0.05164859705410329,-0.07484997669898083,0.08718147423440815,0.04628689053953634,0.027300323026587563,0.0,-0.05826655003817402,-0.05286455892947675,0.0,0.015110119342964672,0.03092298436457084,0.5105751964945751,0.0,0.21997897134579594,0.0,-0.045864589820776056,0.0,0.04740180158283537,0.0,0.008235870298922178,0.0,0.00233494156874009,0.0,-0.058132637042667606,0.0,0.16235086369223112,0.0,0.010846077337520122,0.0,0.0543751918485214,0.0,0.0,0.0,0.056975328329731706
1.0,0.02257056611096606,-0.013269527683311305,0.06071961820654992,-0.04651028905759347,0.03677591609594155,0.032621002073816435,-0.07337791586250668,0.3246591161742197,0.15474913756082195,0.1284211115168392,0.17357507646037074,-0.021302903695785864,0.1754790660814594,-0.002193523832566824,0.06581235355457721,-0.025809641150419338,0.019867112206285675,-0.01044625313225057,0.0,-0.006867756068064529,-0.034710980734628534,0.0,0.039238715175279264,0.037653836726562494,0.6841402407094769,0.0,0.1846507283847897,0.0,0.018528389431035214,0.0,-0.02487539977981368,0.0,0.0314289444765192,0.0,-0.0264990950212496,0.0,-0.010502657818501137,0.0,0.18668058399691412,0.0,-0.042137370026187074,0.0,0.0026564494879574435,0.0,0.0,0.0,-0.04172465056750307
1.0,-0.03602206797794632,-0.003079916306081413,-0.006097933612904727,-0.013409360666213158,0.1231101854193993,-0.14911374626547663,-0.024271826469933283,0.12537827442791993,-0.02241078074411358,0.04473571761469359,0.10199110155497085,-0.010823095135356356,-0.0501432337916452,-0.018419494812056292,0.2751504346272773,0.3246129615914149,0.039539683291310065,0.24150641017904068,0.0,-0.025878030766680937,0.06883279885968169,0.0,0.01481191898269902,0.0753829559391077,1.0187477046638755,0.0,-0.12955034389304362,0.0,0.07528407025351279,0.0,-0.06708426997997406,0.0,0.03914002926921879,0.0,-0.0019369112062134694,0.0,-0.014350980462059341,0.0,0.014970061364485254,0.0,0.015584207615437974,0.0,-0.03126918734466573,0.0,0.0,0.0,0.005082663780318006
1.0,0.004504234851816755,-0.010892950277742751,0.042912588451062814,-0.04259978360352644,0.05209524357234485,0.18413029462436792,-0.009355410930495717,0.5416815625158253,0.05864543057017067,0.16782697665633678,-0.039086946147999124,-0.02447243723883348,0.10191635204358132,-0.08582924841817569,0.09008449870492041,-0.0717659624683581,-0.038706585282089374,0.0549713968918011,0.0,0.011516524179254667,-0.001584872847293129,0.0,0.01400909415303151,0.07334655952920704,0.7623372453765704,0.0,0.016356236817602024,0.0,0.020805628488875395,0.0,0.11707731360051601,0.0,0.004932875293547922,0.0,-0.006985217219966727,0.0,0.04167534038944603,0.0,-0.026451460532919246,0.0,0.01666994355323895,0.0,-0.0347048592928619,0.0,0.0,0.0,0.014940393996744444
1.0,-0.09656267984485152,-0.01933012512959812,-0.03349248059771193,-0.039522265515659905,0.07899401276124551,0.021525949540344234,0.0310927096222339,-0.12287131652805114,0.07026785140532096,0.36929978566766697,0.019750935014501453,-0.18550274423656082,0.11787346128803206,0.1254856578415501,0.19837570767934024,0.28785010279014117,0.0640725359984246,0.17546072641267052,0.0,-0.046991578774619874,0.0024087035332461433,0.0,-0.01818494892766537,-0.03632340186472364,0.7581613664533607,0.0,0.1421108340283423,0.0,0.0866102230887616,0.0,0.132926592752214,0.0,-0.014962757324232197,0.0,0.03097769931949109,0.0,-0.03226691573589973,0.0,-0.016469437185951064,0.0,0.041588140608278854,0.0,-0.035914071932602314,0.0,0.0,0.0,-0.05643827220703933
1.0,0.016846788224629334,-0.04328483821951316,0.00871831856424625,0.01435379559132739,0.013207444811244265,0.0009278053768262476,-0.03431745462133358,-0.014822901508213276,0.05333723264827451,0.013067217985922808,-0.11754976889058105,0.020720398644701973,0.20740601414865184,0.11142796552275591,0.1027371178024807,0.39097316625623113,-0.013138845432121961,0.1622350239655213,0.0,0.04783787087331068,0.01743686185211065,0.0,0.04188078640352838,-0.0018872255774749908,1.0508374535338776,0.0,-0.2390826154660095,0.0,0.07018741430357894,0.0,0.029506944876072555,0.0,0.018536208785960524,0.0,-0.052219691447856806,0.0,0.019236020914140856,0.0,0.07635445457671008,0.0,0.0008353570891100354,0.0,0.012889520116142542,0.0,0.0,0.0,0.014806158295748242
1.0,-0.0037647638678767505,0.0021709140029656186,0.08038868077823534,0.014933884099598725,-0.013415751835527345,0.06912093510730874,-0.03622550968894213,0.04508521901753473,-0.027381165497045862,-0.14945642544378854,0.04157402325836316,-0.024359739296049655,-0.019379985215058848,0.20376130376659482,0.2318918838524238,0.3830978084861935,0.06073493897284624,0.0010292512289110517,0.0,0.07118267586250127,0.0384016133781646,0.0,0.030610209032648217,0.0420290922632305,0.7547378649824389,0.0,0.3846158301282462,0.0,-0.03454170419159783,0.0,-0.18034516045629806,0.0,-0.029124872839609288,0.0,0.15566609330000497,0.0,-0.04336640133573356,0.0,-0.07484807565725815,0.0,-0.022514240813408144,0.0,0.06395011103341336,0.0,0.0,0.0,-0.016258536413428608
1.0,-0.02016747416239625,0.004925559819647141,0.033546993848177636,0.07369184676202918,0.025468651715045816,-0.0049222627396763655,0.01705680328057506,0.18242943333496228,-0.17968138215673055,0.2674537760417701,0.2836014321742253,0.20249365414794748,0.11958369550813155,-0.00448448170482333,0.007126811827752044,-0.09077732220643171,0.009618566067721525,0.03146601916686069,0.0,-0.013570763416435108,0.04792898582197362,0.0,0.00721145686967348,0.04706091013406418,0.35631851350543586,0.0,0.11667475945929903,0.0,0.09077226757541487,0.0,0.3447426923809103,0.0,-0.006555227408017304,0.0,-0.021339798597728984,0.0,0.01131491507066051,0.0,0.046530433914225455,0.0,0.009963198208451391,0.0,0.011041149321974274,0.0,0.0,0.0,-0.006523813564689857
1.0,-0.009692941862891036,0.004277144437047553,0.04800761890632823,-0.03271480543942558,-0.005019750917647316,-0.012493095360787965,0.05008312226225495,-0.040039810898815476,0.2478410151363548,0.044011334508369415,0.13565453407657535,-0.039116053749284424,0.0758039569625279,0.08912079144475317,0.2890135018279588,-0.015483234756018587,-0.017234887049065856,0.06061030896548003,0.0,0.03940263694024011,0.06878346238934016,0.0,0.01918515217670643,0.01883831918889098,0.6932487844415559,0.0,0.27017452435191425,0.0,0.011393450999636547,0.0,-0.022536656841103772,0.0,0.013576259773056067,0.0,0.024134854924120853,0.0,-0.0322302936688447,0.0,-0.018450610952096214,0.0,0.007181241953626478,0.0,0.015245889875544115,0.0,0.0,0.0,0.01942423595369992
1.0,0.01319890214657081,-0.040354855325060716,0.0770143197892233,-0.13962408834856258,0.07054668188676703,0.244316397975944,0.08385468724833486,0.3167168080073412,0.02884376066348955,0.13068062901641964,0.059786529328590216,-0.059802825172898144,0.23330202125451718,-0.05606020816160555,-0.030428234909270213,-0.053761755844838735,-0.00804109969834742,0.07996679581881193,0.0,0.046362233013243985,0.03102013783782331,0.0,-0.02753683652649389,0.012715300660806096,0.7613928096119026,0.0,0.0757211402128902,0.0,0.06930703557759735,0.0,-0.03311583440527166,0.0,-0.014569431297991674,0.0,0.1827268650873074,0.0,0.02770398088454865,0.0,-0.17987916333027232,0.0,0.009536132579762078,0.0,0.033839011031340814,0.0,0.0,0.0,0.05462215338738108
1.0,-0.05128715215642335,0.04998409241568164,0.06697454615380746,0.015549287917849474,0.01294743015795026,-0.06258981391327063,-0.05066033776968522,0.41415742926944066,-0.1468778467802262,0.12314483954328052,0.17282734093449875,0.0536082720105957,0.5906235885933601,-0.07497514160933219,0.013860045896251033,-0.07261200075849855,0.012763630107260612,0.04585098528406306,0.0,-0.12893298220570446,0.01427708062560519,0.0,0.0013667062834966485,-0.017099659243231514,0.44268860161266377,0.0,0.26874692016428614,0.0,0.024907844187287698,0.0,-0.08858234743442486,0.0,0.04259970159252718,0.0,0.1514436784258445,0.0,0.055776009205151585,0.0,0.09606959014444177,0.0,-0.03263085496300057,0.0,0.057471238454760314,0.0,0.0,0.0,-0.0013907221463063148
1.0,0.08547305725104655,0.010564852945758249,-0.06189837557661142,0.14890274762142067,0.07904518429932607,0.07393499158717111,-0.0008488363250716141,0.10947791318647077,0.40263286615837646,-0.16637462033762798,0.05659808140319294,0.09344392638873572,-0.0745782906165613,0.10699262692811841,-0.10805568943527691,0.053922039471830815,0.02067920121642585,0.015849069802365112,0.0,0.15644447862622368,-0.021597180553070854,0.0,0.019391955957757882,-0.012513666503904279,0.14240229806328208,0.0,0.39653017221499665,0.0,-0.01634953075273741,0.0,0.2659272619666709,0.0,-0.031357982215793063,0.0,0.12629659154780348,0.0,0.035230156515239724,0.0,0.07383675161053294,0.0,0.005093811280314942,0.0,0.029598504040665934,0.0,0.0,0.0,-0.014694367767072138
1.0,0.00431285088110538,0.01858437526425319,0.019583790139291447,0.08029499456730836,-0.0306474844028989,-0.12405818869832154,0.1455376484530529,-0.12542066816604916,0.07813312644896613,0.0843967804536108,0.2852473594827382,0.07386503772598693,0.11330680019117934,0.0013190548653499723,0.35821509632418086,-0.048438519459360965,-0.02491442820455069,0.030841497140286125,0.0,0.007039303340071523,0.03767861293728618,0.0,0.015122960716514864,0.004413724544118321,0.7047261736273508,0.0,-0.05048485081528323,0.0,0.034032016445438365,0.0,0.12362415667640374,0.0,0.023286950948959155,0.0,-0.009077080070242896,0.0,0.039350804158989804,0.0,0.10414295368981286,0.0,-0.02801419280053793,0.0,0.026854011324875048,0.0,0.0,0.0,0.027145332270116628
1.0,0.009977955210125025,-0.0062455893912986065,0.023053366099600396,-0.0633929228658705,-0.002261061835736612,0.06710962529751203,-0.028927579687812247,0.0007834612640844757,0.08541050773635253,-0.03738081080688621,0.10881299082034844,-0.030573651318132014,0.25301423139211265,0.0626695374385266,-0.010237894110688345,0.35673532776197836,0.015356758843445069,0.09709843198883582,0.0,0.0871274516584765,0.011841423768314542,0.0,2.844073671272318e-05,0.010241556913824085,0.505732385370664,0.0,0.13905155850824868,0.0,-0.006391579978801711,0.0,-0.002670162185277228,0.0,0.023566676292133035,0.0,0.08717825070004608,0.0,0.026717430516231353,0.0,0.13227928768240232,0.0,0.012330191836879584,0.0,0.04509720929147747,0.0,0.0,0.0,0.026867195052172516
1.0,0.013375587522958966,-0.05875096056984299,-0.023954253118882125,-0.09775777262332906,0.017983401515293547,-0.05048284481948122,-0.05127698849462381,0.19320831569396008,-0.17048229314529756,-0.010219487042465628,0.09477135595597697,0.09784950378783787,0.15855652170412213,-0.07287689033220437,0.2775105155968548,0.2527286648942832,0.009396731660654033,0.34182905480154113,0.0,-0.005830845959218997,0.05270493004569114,0.0,0.031717752926171905,0.0404822380896455,0.7444693382949368,0.0,-0.004258607828462345,0.0,0.041954896289816135,0.0,0.21457911894837756,0.0,0.0016602545652000117,0.0,-0.03415097391992382,0.0,-0.009755070750146578,0.0,0.023810162898089904,0.0,-0.01861904753910506,0.0,-0.06182844093985132,0.0,0.0,0.0,0.06165613189142391
1.0,0.10864806354497664,-0.0637914460582509,-0.04171253338363058,-0.002051054725031263,0.006057902016913259,0.14292634361940748,-0.01789564863070804,0.5260483992562182,0.17206763093137364,-0.0634989676603668,0.005278060018925203,0.06161771183644993,0.1347696040492301,0.024352136377220578,-0.14664779395094898,0.03845892324265361,-0.020729216220449334,0.11596046291389345,0.0,0.0718278316228072,-0.07734298801715861,0.0,0.0256565792164748,-0.015429395527170105,0.07353035608931613,0.0,0.19251320188575569,0.0,0.028215618741132376,0.0,0.22312424723200208,0.0,-0.026429294851624083,0.0,0.12145543269703246,0.0,0.049081138660371136,0.0,0.3617301093853125,0.0,-0.021550379693521554,0.0,0.0007927955036397746,0.0,0.0,0.0,0.012966169877753685
1.0,-0.021396751413519342,-0.013139697688042469,0.05915741140816029,0.06863454256302552,0.06986714669292822,0.1013462807172382,0.06465898394388991,0.16725864101121096,0.2057639589631976,0.056613037262209065,-0.01127632983522367,0.12175882793036097,0.011018925399378321,-0.06123104714888791,0.002140879042437982,0.02946148641732633,-0.029536557503666197,0.007201769705156978,0.0,0.12793056938252267,0.019376064253656136,0.0,0.02439185889663988,-0.01755944187761558,0.4660381716717268,0.0,0.22204908205599302,0.0,0.03472452275230764,0.0,0.06242282800367754,0.0,0.0042060711269402695,0.0,0.22239641196932936,0.0,0.029516769841820698,0.0,-0.037097381643376476,0.0,0.0163739028579362,0.0,0.037263053922024884,0.0,0.0,0.0,-0.040333990680764355
1.0,0.024162480677315076,0.0323067888027997,-0.07341411863050909,0.047422768230620096,0.0029189546789853173,-0.0028732930673315143,0.05138408781617485,0.1497217236680431,0.13035134575712137,-0.09795219087526338,-0.08899646503287537,0.14553754565155239,0.3297490624445184,0.09062712713553323,0.18713554423593765,-0.04297155695470799,0.0012977510053709049,0.0303131128218076,0.0,0.08537271941279367,0.007050660991188697,0.0,-0.009144048769075486,0.016067004080468746,0.23408175192192326,0.0,0.33011179576729055,0.0,-0.01603411698897522,0.0,0.1616274633832247,0.0,0.09406816106980707,0.0,0.04067895679819294,0.0,-0.006784246833523413,0.0,0.1542987630078717,0.0,0.042484600492274566,0.0,-0.05875739702426417,0.0,0.0,0.0,0.008157264325709495
1.0,0.0115077593973072,-0.007965866892530062,0.018092476129023413,-0.008017557790994459,-0.07137672045605882,-0.006015015603235568,-0.06216354225189426,0.3429516174022789,-0.04162653664615226,0.12462513800686979,-0.05157424348719948,0.04102909274323326,0.4949226128826153,0.036536684769514376,0.05236356456961719,0.03063637793946296,-0.030652316102684166,-0.0026583658635478645,0.0,0.15729357924857137,-0.026431145684446294,0.0,-0.0014775923097509018,0.07211457519887216,0.3597675335658338,0.0,0.23488613616751122,0.0,-0.008354081557694942,0.0,-0.08327999396430275,0.0,0.023475243717848204,0.0,0.15273396479736973,0.0,0.05591820874319,0.0,0.20033254416982632,0.0,0.010295678610148244,0.0,0.01008391785739525,0.0,0.0,0.0,-0.027973727305996857
1.0,-0.00885952690209817,0.02785137290447382,0.043213995552466584,0.13193862779556795,0.0318951911256458,0.17529854034682985,0.06315570560940084,0.1684561601655529,0.2806574928616087,0.12183746340062156,-0.060376302722728856,0.09911365741089487,0.006753560274067372,-0.0075717747550460845,-0.11162351194493866,0.1302093330232845,-0.006126015655225714,-0.11051993093341451,0.0,0.05181226241860775,-0.014713429394746735,0.0,-0.012402870580823414,-0.13200559918182309,0.21679445566119515,0.0,0.2888220431728028,0.0,0.022813018407591104,0.0,0.20891537140504068,0.0,0.013447518020353502,0.0,0.14978632985682117,0.0,0.05445482949889934,0.0,0.09511421979148399,0.0,0.036301830169647,0.0,0.05367643877756071,0.0,0.0,0.0,-0.008120455579572838
1.0,-0.027033752969887203,-0.014740421491271704,0.015444166548610107,0.07658159297077065,0.08852147627765432,0.31317890009140875,0.03731444792893166,-0.06867706141618235,-0.0008095727118867871,0.15634324739477154,0.06918336797695851,0.020409433100133004,0.43168023987583304,0.017431462866523452,-0.201663104495696,-0.07571408452055688,-0.003015583308264444,-0.059006757648077626,0.0,0.17686303665753383,0.04003302392039727,0.0,0.007675942952297279,0.06307973020520109,0.6157245365913419,0.0,0.2369358692333948,0.0,0.08350239124351048,0.0,-0.05228849185895214,0.0,-0.06549806308568343,0.0,0.02222131649390638,0.0,-0.0005820550384062336,0.0,0.05910818977940768,0.0,0.001036368499109333,0.0,0.021989161749471832,0.0,0.0,0.0,0.014771046187698419
1.0,-0.044586432319451995,0.008102031594334709,0.042570891124498605,-0.037097742752968774,0.012474568657562912,-0.08202985681903123,0.03417231852393737,0.2597553153501978,0.07388019784920254,0.18175542688295127,0.29813416892211486,0.018850305726747393,0.17118343901711747,-0.03485240754720262,0.10874225548194433,-0.06813502041073792,0.023193322944764755,-0.025860840477659904,0.0,0.02095697851688927,0.04379745556194058,0.0,-0.005006375827151511,-0.00732500956144972,0.3725994812794945,0.0,0.405841625856875,0.0,-0.007701666170369808,0.0,0.1048180881774754,0.0,0.014529228387457807,0.0,0.01228493489832986,0.0,-0.033783508225207655,0.0,-0.004074414890423511,0.0,0.06613899621918676,0.0,0.08755158995549175,0.0,0.0,0.0,-0.010879345926860792
1.0,-0.005393614924074619,0.00013082357940665847,-0.012510377071120519,0.07939964288137963,-0.02205766521545339,0.044713148924268885,-0.051806332710706435,0.060895337805409046,0.22675477822171028,0.023966951271953876,0.23403442910986733,0.04913231450143749,0.22804960624845425,0.08689003272601192,-0.12809952708005687,0.04602215140900966,0.05855475990674736,-0.08295521005767163,0.0,0.07988370758734846,0.06014299126002842,0.0,0.02425205162605134,-0.07232693774705301,0.643571282747924,0.0,0.30402585556442374,0.0,0.13027176455468997,0.0,0.09350351859089284,0.0,-0.031296331474026266,0.0,-0.03401203214297148,0.0,-0.07571732673800612,0.0,-0.05186257622916801,0.0,0.0024727702955455663,0.0,0.08670014786562227,0.0,0.0,0.0,0.004669864712126121
1.0,0.0030269081191336734,0.04371993572461133,-0.016258415167147593,0.05282967357427554,0.03272657818881855,-0.0767427833969862,0.025734442361916618,0.09752373937425163,-0.2191148584278876,0.20934732507241338,0.16073454246706498,0.1096698069941354,0.11395042332487443,-0.022415776127357165,0.3246464388538465,0.05847451877497247,-0.004665416467759606,0.08314803794470323,0.0,0.03753137886593388,-0.020951897792038043,0.0,0.007085397738224492,0.11004023715361992,0.7951900201308433,0.0,0.2485287363471478,0.0,-0.018489873317509908,0.0,0.11149847177957774,0.0,0.05466435373366352,0.0,-0.11419507224986959,0.0,-0.016454114914862275,0.0,-0.0912147247916679,0.0,-0.02883375164901646,0.0,-0.06987633327297262,0.0,0.0,0.0,0.019142051051046726
1.0,-0.008675905193169853,-0.014147515394305293,-0.009851436739985717,0.05865853269463443,0.023890968439932422,0.03623936012602024,-0.022918866762611734,-0.09243276326158051,0.08400843604272144,-0.036437787762748086,0.26048584692732246,-0.03692721177289286,0.38584830420450134,-0.02360178375256354,0.07905857181440049,0.3304081135050132,0.014199569797509519,0.047749696730448404,0.0,-0.03062240872204762,-0.04470257777060692,0.0,-0.00022914314999094958,-0.031525698500229134,0.15656368706207235,0.0,0.551685613571988,0.0,0.027760598649412722,0.0,0.06643341736906974,0.0,-0.01222199079858445,0.0,-0.09630416294492115,0.0,0.018941041429681765,0.0,0.18083347325382626,0.0,0.006148811175554523,0.0,0.08977814273213072,0.0,0.0,0.0,0.04190706699999813
1.0,-0.016475279478735352,-0.016393979153407647,-0.022427458905068316,-0.040815858102455,0.0270105678039032,0.034893224599279626,0.07782003620883811,-0.06909687806738612,0.04676572284407407,0.14301357539805548,0.16960759028940114,0.19884544469271245,0.03166185338884714,0.045056013360620976,0.17701211855955445,0.09262132173028673,-0.0439508412573912,0.1377276266141024,0.0,0.03947627677615618,-0.012911874349450993,0.0,0.0005607970480633467,-0.025008057452264372,0.3656130597537015,0.0,0.4019933744270143,0.0,0.03616647889980552,0.0,0.12919922419340268,0.0,0.0015265503728425847,0.0,0.03375755160598565,0.0,-0.008492663252939524,0.0,0.06032766961031172,0.0,0.016455039003373587,0.0,-0.03751238242414154,0.0,0.0,0.0,0.025974155262908107
1.0,0.008817643285196686,0.023311900810821677,-0.008233107202723525,0.1524205162519535,0.0637724670623081,0.13777924265438024,0.1611050930365445,0.13349760031935773,0.24007422419861163,0.07958116338882851,0.26565117842318087,-0.08909563929951497,0.01577587207284109,-0.0907991372426438,0.058005447296411564,-0.10562898790694757,0.05236085403789765,-0.07141300277979026,0.0,-0.02646587283189468,0.015625102513380854,0.0,-0.016142558088199626,-0.01426092516725861,0.4937044431982651,0.0,0.18135224915636425,0.0,0.011016986335222443,0.0,0.2094979302076838,0.0,0.0008380993587311369,0.0,-0.022937341255211033,0.0,0.04421813949812969,0.0,0.028090365859500255,0.0,0.04204395150274992,0.0,0.030514649943769394,0.0,0.0,0.0,-0.00407854863794746
1.0,-0.018639420846274388,0.01126722346102954,0.027841575215831978,-0.015887162624290064,0.05918630661887948,0.08056393783417926,0.024786962274081045,0.15379797987682137,0.21088652967586305,0.19628931545081607,0.09366934266744142,0.07207849378452488,0.052627874344278236,-0.060065231918164444,-0.0804768698604452,0.08963107338742021,0.03056764821558633,-0.007518064931678583,0.0,0.06943180775973092,-0.01604465388915892,0.0,0.02600533350352858,0.07422273205520127,0.8343603050694148,0.0,0.033651548447862806,0.0,0.015019426403116074,0.0,0.03827399701883463,0.0,0.05027818636421219,0.0,0.07611368776069338,0.0,-0.0549759804639147,0.0,-0.11588400406253709,0.0,0.010291673551856718,0.0,0.027483265881587053,0.0,0.0,0.0,0.011165161973673125
1.0,0.03224790862416804,0.011601354714445629,-0.006606294660018175,0.10103210139373371,0.09075176643893795,0.06466556827913608,0.04303764278565254,0.2281497282976606,0.22043677884105842,0.10071217619254887,0.03944741059846865,-0.1535006558304452,-0.26866852160377813,0.1923288259962476,0.10163172626504542,0.13669002131500352,-0.014265676869482576,-0.07396150213792833,0.0,0.14179878792760475,0.010466086096141584,0.0,0.0020047673357994067,-0.049261179895033876,0.7593366848320313,0.0,0.27144582606447176,0.0,-0.01041304208464455,0.0,-0.07122356735089352,0.0,0.03653002945672728,0.0,-0.01815660365676046,0.0,0.010995997738758253,0.0,0.018644728431778584,0.0,-0.016983818519355875,0.0,0.09905276692088003,0.0,0.0,0.0,-0.029967821937958692
1.0,-0.009799214294211024,-0.0122952209230044,0.0698884101539789,-0.01852422062095611,0.05664485736208112,0.147723058637098,0.06570560255794487,0.1965028555377683,0.33800508697890885,0.11955139871949166,0.09564831900369035,-0.016191244239802637,-0.1868410558298797,0.02595641410230458,0.08223660951417458,0.05935180083791894,-0.015335168498131182,0.019171290969263906,0.0,-0.04204497043760816,0.025914462321291767,0.0,-0.0012690718523220637,-0.027575143681413734,0.4089721847116691,0.0,0.4010389962060025,0.0,0.06902292949719521,0.0,0.017319460399223663,0.0,0.0016086286255184226,0.0,0.14715978579235628,0.0,0.07191763171925464,0.0,-0.13319659621035623,0.0,0.02403729925365503,0.0,0.003804118973388851,0.0,0.0,0.0,0.015890704713506256
1.0,0.055866693473883206,0.05584275566707949,4.656836041673409e-05,0.0734970394964139,0.06374112096420684,0.19357909206765728,0.12603001874030534,0.27316448044020447,0.26043260161577875,-0.018046034484763662,0.044418451226077,-0.19204031855953715,-0.03711064892917765,0.05125976732605928,0.2504373244840201,-0.08953941483377607,0.018929837823704568,-0.1122727962018419,0.0,-0.03432827257023645,0.010980934582199717,0.0,0.005110799311327307,0.032597116679405444,0.6104564094095859,0.0,0.4774652862907185,0.0,-0.026670826779795005,0.0,-0.1365221447286059,0.0,-0.02932266810318026,0.0,0.10548294866278653,0.0,0.018729023998215393,0.0,-0.028515612509813437,0.0,-0.008165605350050583,0.0,-0.007152996767514144,0.0,0.0,0.0,-0.00838093080175261
1.0,0.02144576320934762,-0.023972359035940253,-0.01634114073510844,-0.04276568035145904,0.03383982567465166,-0.03882819343341096,-0.007590380171252499,0.2308374495887777,0.004191905302425719,0.1117033872445879,0.08400075383702085,0.004966245998567799,0.1009278424912865,0.0337672470502655,0.2850007241670779,0.0005433049700761527,0.01431776141235086,0.21261859668907623,0.0,0.03332169362240145,-0.06064950093966624,0.0,0.018664753408922694,0.17297653120606674,0.7691232829817045,0.0,0.24537305203928786,0.0,-0.0741556227629485,0.0,0.03921525726857315,0.0,-0.054569854005406045,0.0,0.15288284905838756,0.0,0.024971913633211187,0.0,-0.16636565588666602,0.0,-0.00834514341261739,0.0,-0.0771771411303365,0.0,0.0,0.0,-0.02392946898925654
1.0,0.00801894721220512,-0.014450130714084627,-0.02091363314725059,0.02018106404211179,0.056152541459620356,0.014590309978707933,0.004772911936038904,-0.032340035134816564,0.12951205542896235,-0.07773410176941559,0.14128737530980104,0.1927705310275518,0.11615388056514253,0.23983995074583217,0.24549683026862645,0.017708541775838596,0.008492891851511065,-0.0012528311341397196,0.0,-0.0387892573403914,-0.009636045238202273,0.0,0.0001382028763507303,-0.06929643845135092,-0.2775157056148809,0.0,0.7632900724200568,0.0,0.01705665040466404,0.0,0.27928271920995096,0.0,0.021507736956455387,0.0,0.0768385542478556,0.0,-0.009952026248306121,0.0,0.16538393045571959,0.0,-0.016599398762107132,0.0,0.011652240059366,0.0,0.0,0.0,0.03835166532257714
1.0,-0.023140882399738813,-0.0043957301008061365,0.013685018913279001,0.04022414617026575,-0.03081378135019403,0.09767821411680021,-0.0267955108939862,0.12924385626590676,0.04562100014924257,-0.21816882262362006,-0.024209434515069114,0.04611726112983931,0.27550514606017,0.19007561613119017,0.27494564772829955,0.11837607285350771,0.02390255382032666,-0.015978936524015958,0.0,0.08505697057425127,0.011679867576137634,0.0,-0.00860827308178622,0.012003722696591779,0.6497115737734048,0.0,0.23702238451551308,0.0,0.008276225286154872,0.0,0.038097819271442304,0.0,0.027341635128085347,0.0,0.1652973104147225,0.0,-0.005706398405375189,0.0,-0.05703493027999723,0.0,-0.0033651099746271167,0.0,-0.025842927055142594,0.0,0.0,0.0,-0.045801305370772344
1.0,-0.022827629540874257,0.022577384374103997,0.059211205629978544,0.015722700924759105,0.14472417546628816,0.20735231056166692,0.084671287403351,0.5152974241155146,-0.2117849580472745,0.25409361291426524,0.025879720881259283,-0.03615538261663038,-0.15519657656801794,0.0729252109932493,0.4394400437348963,-0.20805361437439268,0.011510958628908309,-0.1261366423157742,0.0,-0.08033502962937467,-0.0008955683260008403,0.0,-0.012020634209901362,-0.00799093028139928,0.37815866985117597,0.0,0.5638356985658664,0.0,-0.04520931509250134,0.0,0.28742772548881684,0.0,-0.019446175125424993,0.0,0.029071184572571417,0.0,-0.0578771765951569,0.0,-0.06054924233299691,0.0,0.00247133568139387,0.0,-0.08679799616721329,0.0,0.0,0.0,0.016906221434868567
1.0,0.05563476285774574,-0.005987875042596099,-0.00208112043495061,-0.012665681156938297,0.12335890597353151,-0.07614494845689292,0.03094018382166064,0.5052734104378565,0.193565184318942,0.005416090698999038,0.39646868617104103,-0.1221935978878971,-0.20402972668388625,-0.04823850494833899,0.2769547168417298,-0.04901959289960904,0.02044056174971,0.04704206279317283,0.0,-0.08578777628669432,-0.022686391330150962,0.0,-0.026259350536434644,-0.03758370706028239,0.30987389134960575,0.0,0.4172933004148772,0.0,0.015516099708649327,0.0,0.056763009230495376,0.0,-0.0076331222873390545,0.0,-0.006392572332686211,0.0,0.042285436340511344,0.0,0.07850852492929516,0.0,0.01646533862848439,0.0,0.09490917704006124,0.0,0.0,0.0,0.019994624038327424
1.0,0.014168865124304632,0.05009536445319427,-0.00038814646418300087,0.061752404818472134,0.13945899955418614,0.0993552608547041,0.041806761012174246,0.27228330877343104,0.3269290436182479,-0.035673680306311906,-0.13482078447844473,-0.05247546282926649,0.11451014424269038,0.04707892341229493,0.018753047212857532,0.1305252913417714,-0.055159134427945074,-0.1442077652871589,0.0,0.05770693205849664,0.01956496106022449,0.0,0.02873566625626054,-0.11285913217606142,0.08007736162476764,0.0,0.46554904374145234,0.0,-0.03832154660510663,0.0,0.14729737990807656,0.0,0.1120827491553377,0.0,-0.034933384639798504,0.0,-0.0489763773781518,0.0,0.15577805561903646,0.0,0.06258139402465569,0.0,0.11499811804177218,0.0,0.0,0.0,0.09672633868401925
1.0,0.043761056676783316,0.012787827880385415,0.00038657837826299487,-0.08328807594366605,0.03254108828553705,0.018366289835988456,-0.08784047947748286,0.09769417157765639,0.1242020811289697,-0.12453636236549559,0.06245178155268217,0.03972256748756168,0.2573808744752525,0.02653833997254579,0.21094982380142616,0.19557574675321332,-0.03651506481260258,0.0969154918680395,0.0,0.036031726853704815,0.08544972737288414,0.0,-0.008575191301646454,0.059025519764791916,0.06462504573340877,0.0,0.3556801443748514,0.0,0.020482344162399628,0.0,0.13669249864014127,0.0,0.0772138844620266,0.0,-0.0031298807818254115,0.0,0.007055652704018282,0.0,0.21896032985483593,0.0,0.04043374055212004,0.0,-0.01961429552154493,0.0,0.0,0.0,0.04257501605477711
1.0,-0.028574928446917,0.010562585049967172,0.01955854051588693,-0.02120401362619419,0.07475696992520471,0.06939139121332269,-0.05047281134035189,0.31800858237987417,0.00599001209195308,0.1612781566946394,0.26716880495077544,0.012720655672483407,0.3479915698703818,-0.08575386305728885,0.11270845478730065,-0.18175633584599982,-0.0008341788121590948,0.11289617521259974,0.0,-0.13260651601433548,-0.024639399690415294,0.0,0.012810148469271573,0.09348053495012104,0.36442575015262013,0.0,0.4892147903791454,0.0,-0.02086949679918478,0.0,0.1408592770583827,0.0,0.024857724912240635,0.0,-0.0016854042845048309,0.0,-0.008467437685649698,0.0,-0.027650942254240363,0.0,-0.020071433619557492,0.0,-0.02811548320789259,0.0,0.0,0.0,-0.005977879601479885
1.0,0.007642128002097331,0.030572305190960727,0.060646619295283574,-0.05370065306957658,0.04793405518439535,0.14114806071485098,0.04542430185315046,-0.12489287126532414,-0.15591681411149216,0.08760035358922305,0.0765169979386309,0.23574300961790473,0.5574755530494686,-0.047378373816835115,0.11993308448971526,-0.06041849199123728,-0.027917769926796794,0.10886854684530063,0.0,-0.12362886105413573,0.07456717944497812,0.0,-0.0002183599805622334,0.12374701404280941,0.2564738733016767,0.0,0.3843784888123035,0.0,0.007187221219528677,0.0,0.09069024141534682,0.0,-0.05905338430594397,0.0,0.059112930979091906,0.0,0.017760019457220576,0.0,0.04892316897955354,0.0,-0.020128881384370717,0.0,-0.04434382388991013,0.0,0.0,0.0,0.13525313137269337
1.0,0.005795703752466481,-0.015635908055118213,-0.006506389211134348,0.03594178096590328,-0.028757860717010166,0.01815656835450512,0.1015187237004667,-0.036287633776400985,-0.0940056665023728,0.09740933388263402,0.11945548160617099,0.0035825032169950477,0.029818544216511644,-0.07886007859341126,0.24880198980550516,0.2942498040278756,-0.01617042083595034,0.25119097580632144,0.0,0.03080984094884341,0.052670339753032806,0.0,-0.013177632345833645,0.061272833575212925,0.5679856427662443,0.0,0.0022023814897719693,0.0,0.052350867007433445,0.0,0.23902886469514917,0.0,0.0759075582897214,0.0,-0.09425651561462427,0.0,-0.005991774955092704,0.0,0.04769766118368457,0.0,0.018103833084417594,0.0,-0.00880852429779301,0.0,0.0,0.0,0.044507172775874945
1.0,0.02512470317671998,-0.006654006718614845,0.021998906097023888,-0.007952376185646103,-0.014938163119721872,0.046495155323097934,0.04289419136857062,0.08875232542789682,0.02980311449108561,-0.007479957635432466,0.2554036472970138,0.1481366019489523,0.001330903551075624,0.04317065493324908,0.15624246140722692,0.020206648997019287,0.002426126401536808,0.06478524845904012,0.0,0.058438713062874376,0.04937031615328162,0.0,-0.017555214436249782,0.04895080180117139,0.34429991441674035,0.0,0.37921708422249456,0.0,-0.0028865731512324223,0.0,0.06867545106231755,0.0,-0.012511135967499414,0.0,0.09457839161521557,0.0,0.0028170041078063287,0.0,0.021008936565570624,0.0,-0.0007711345097715719,0.0,0.04021691350978194,0.0,0.0,0.0,0.01640434632740515
1.0,-0.0037921666129970416,-0.027660555143665527,0.025614933970190705,0.014608855340986415,-0.005101024109421155,0.19531362603636915,0.007864445930876492,0.024258190846193073,-0.2631137696471665,0.08782390062006913,0.06608724714150724,0.08769773367532341,0.6062576590540877,0.028900879673127898,0.02975261637346155,-0.03702536981997207,0.027821376588744832,0.03459421163105906,0.0,0.05275697854261801,0.039665471362210714,0.0,0.007674758546397739,0.020724324336293794,0.465879924761742,0.0,0.44557936652522345,0.0,0.0484469479224545,0.0,0.030550668835678307,0.0,-0.06889027153005112,0.0,0.06238336156527864,0.0,0.03826428245859911,0.0,-0.023352585939673293,0.0,-0.05825787753770292,0.0,0.05067715470270429,0.0,0.0,0.0,-0.012005296100546377
1.0,-0.030557543264721244,0.00041410356012524206,-0.04409990389043242,0.07259872419278098,0.0644548702862143,0.0989920015782049,0.09200105728621988,0.10768702535220565,0.15428252402695947,0.17388737615110877,0.17180855138915446,0.04798136430903682,0.06777020184602345,-0.0961093621267824,0.017972606544176928,0.04937449851238952,0.004389915070637546,0.016534068761432076,0.0,0.024888313574690242,-0.0223917805895573,0.0,0.028121387430133902,0.00945925108665991,0.7716917537888041,0.0,0.0724934321457354,0.0,-0.00412086815243445,0.0,0.1952518096488861,0.0,0.030053450508310074,0.0,0.030649962508009478,0.0,0.0315635251903904,0.0,-0.1838527269318874,0.0,0.01372694182264422,0.0,0.04190178829517451,0.0,0.0,0.0,-0.008818319910292692
1.0,0.011602425845771862,0.0011658139875870954,0.025128731608606118,0.06374947976281152,-0.0618199366508721,-0.019159279118714637,-0.01178587811733655,0.11020085028275678,-0.11651412741284214,-0.0836102878476396,0.3552080122173547,0.1682467129635293,0.0917406215316593,-0.010150644790613159,0.19278401667668013,0.1551484608014171,-0.012417484262585404,0.09713512182294938,0.0,0.004205725476695038,0.02256242962498823,0.0,0.016579235597797302,-0.017248662517171894,0.9489722645385955,0.0,-0.029790939418765566,0.0,0.014433084887785944,0.0,0.06295155879315922,0.0,0.07388992964715252,0.0,0.014420069497000164,0.0,0.021462334302045645,0.0,-0.13557988473223526,0.0,-0.03536816493324697,0.0,0.05224849734842451,0.0,0.0,0.0,0.029609912587256492
1.0,0.039830022970217635,0.06170273711882266,0.038592700053285196,0.1771906193654644,0.03958563169147071,0.07432795250797264,0.09033708787039442,0.005501483627890172,0.09965986773238271,0.17984476451571646,0.07694749583142566,0.1059390046868678,-0.09583454562940658,0.1350818822029279,0.06787641405350608,0.10054525292498978,-0.0202289966462958,-0.09645555805048804,0.0,0.028139893703516508,-0.06431776857098591,0.0,-0.04426594195967476,0.07268844668940097,0.4304144857650254,0.0,0.07713261598223597,0.0,-0.004274216444277692,0.0,0.36981577074328414,0.0,0.015104281613605462,0.0,0.028485056278644626,0.0,0.0522779619706911,0.0,-0.05827680959410558,0.0,0.021928238432067464,0.0,-0.03396267716829394,0.0,0.0,0.0,0.02866684573172169
1.0,-0.0016346957078860642,-0.01935691476040312,0.007534368286789929,0.004763748663662153,-0.03891151943463901,0.2619467982534457,0.10237514125332464,0.19496037485184203,-0.1506204780299791,0.11603239074624452,0.10255697121142221,0.1824643303076607,0.054006000591864306,0.045704805072643455,-0.0021945405020909192,-0.07321269411818761,0.0019876319392948608,0.05894141135923577,0.0,0.12462398436437049,0.027181216181326302,0.0,0.000851669470058547,-0.04727164663039266,0.033393584486769434,0.0,0.49561689881069826,0.0,-0.031881463161213874,0.0,0.35452060486462056,0.0,0.022765326109849254,0.0,-0.005676699135451976,0.0,-0.03183190899625327,0.0,0.09823731168680966,0.0,0.02612452515107067,0.0,0.026017396045724832,0.0,0.0,0.0,0.05998607076776896
1.0,-0.010204716403184735,0.006736596641869605,0.051718799340078336,0.02562415085885165,0.06459116696929243,0.02735292791093897,-0.0408758806148259,-0.2874156159554586,0.03863827409401369,-0.10331470848247568,0.10197740576847454,-0.09876731993568888,0.25718160368241005,0.0971824679770364,0.21504108774851594,0.305140131495992,0.022898743558773457,0.04570900244428042,0.0,0.13318587206942298,0.11636722088748873,0.0,0.031232789944194865,0.04790817886838848,0.9267288157355165,0.0,0.07275887081300351,0.0,0.03945928542506353,0.0,-0.07627067609113009,0.0,-0.01842758641121623,0.0,-0.0242338185368509,0.0,-0.06992835985787345,0.0,0.06433714117898681,0.0,-0.017052998522565768,0.0,0.06884750307152135,0.0,0.0,0.0,-0.014126355672843505
1.0,0.0012865320983599174,0.01463680713357781,0.052744460956102995,-0.037369476359845916,-0.06639823190801529,0.09970597222214161,0.009405127551547349,0.09242108145354459,-0.062052956008327914,0.08414712957314066,0.15864902226921898,0.26831299274108666,0.17791861238064477,0.011872459949946651,0.1941878629181041,0.08200642618354964,-0.009873658676941208,-0.06977384273904022,0.0,0.008596342830878775,0.04057806594285429,0.0,-0.051000730512527806,-0.04268053152087236,0.21379059265338884,0.0,0.12897078124964792,0.0,0.013056740856572095,0.0,0.4540876869027834,0.0,0.011654365328434526,0.0,0.11655677239595566,0.0,-0.0024389593806552036,0.0,0.019867828243755326,0.0,0.03985586005343962,0.0,0.023569864039051057,0.0,0.0,0.0,0.02370899917849968
1.0,-0.024125510166929962,-0.006631825450447782,-0.039317875953325254,0.003626874983731071,-0.07206448007264793,0.026200129886335632,0.0763789570439165,-0.09546652672991124,0.04799483619179869,0.35351149316219077,0.024203707660958335,0.1068747702439569,0.4233737026742057,0.027537961238650543,0.0388989340526307,0.01130177194007128,0.017418642053337707,0.08077778485977613,0.0,8.545234467693952e-05,-0.0072930457808005195,0.0,0.006714245817825968,-0.006291467373343358,0.11472089749725445,0.0,0.2728989418616329,0.0,0.01572543445030166,0.0,0.4343034544848719,0.0,0.04597050918185998,0.0,-0.010124923297536809,0.0,0.021996582962685727,0.0,0.0027701037503983783,0.0,0.09128724406398497,0.0,-0.011850881147719601,0.0,0.0,0.0,0.028594103565609288
1.0,0.032481552849892834,-0.007149023604030998,-0.011758613133075167,0.0020931502956112284,0.07490367618120014,0.15249293332086933,-0.06598956845397624,0.22685325819105343,0.28927019223424255,0.0024735758351175224,-0.06558584393038666,-0.08833318566091519,0.3435193885327159,-0.016193417137821867,-0.007116309242706537,0.08944962973222871,0.01825956580295312,0.026516409727465363,0.0,-0.023601206682677497,-0.010893571231725116,0.0,0.03830740637396522,0.007528126226132283,0.42936977310778945,0.0,0.15273051823677047,0.0,0.05594032641157495,0.0,0.14712537291593458,0.0,0.01420825020763055,0.0,-0.03973496663624278,0.0,0.011992495051155166,0.0,0.24560221075147243,0.0,-0.01382825360982555,0.0,0.03151101924989274,0.0,0.0,0.0,-0.04244487191228384
1.0,0.021214951244459466,0.03177614833600905,-0.004367937429292285,-0.11863290452615759,0.051494447869723,0.1507604100177462,0.015280994672782391,-0.1260506298256118,0.1723208264828927,0.11811574285460463,0.16492896350328906,0.23758970223805104,-0.027865161421895213,0.0635681190685161,0.19309882683582624,0.022468002891384255,-0.019562551471216584,0.13228934415760252,0.0,-0.1209034161211004,0.04642379410687298,0.0,-0.003947673484486092,0.1155567218196596,-0.12711007356413817,0.0,0.579403818348866,0.0,-0.03268200574967475,0.0,0.19337013664357577,0.0,0.042302314834973126,0.0,0.10413936285632466,0.0,-0.00792831264116825,0.0,0.046632601856792355,0.0,0.027340089358811503,0.0,-0.04494409359452744,0.0,0.0,0.0,0.10391943983050508
1.0,0.005128502080154113,-0.009119569971938891,0.029140687236198025,0.042563920831785784,0.03826495279280564,0.005405222904164727,0.016919112428985292,0.07072191508657236,-0.27091658928043105,0.09240554333585531,0.0054859287221339925,0.10629336247457073,0.048989826762908306,0.14757744990769528,0.3390162057552087,0.24607217589925118,-0.006581296317082996,0.03022308779242816,0.0,0.049221381893095176,0.02056826282012133,0.0,-0.007380083154480743,0.07671117650645776,0.31404137181898895,0.0,0.26569118786647294,0.0,0.017558059149008116,0.0,0.27112833407172565,0.0,-0.06716381942342498,0.0,0.02100161172988503,0.0,0.02369310923020466,0.0,0.12658256321408118,0.0,0.005585526167885841,0.0,-0.06734416781232078,0.0,0.0,0.0,0.012515047481035862
1.0,0.007095247714935693,-0.03036657365256496,0.07954842550976811,0.024142619311072682,0.015064379373014712,0.20746705002495125,0.06470472363726276,0.18472978738305268,0.10394631585958992,0.04918967111581553,0.25530858544838103,0.15982695602324468,-0.15700251323418674,-0.035274227371907316,0.046052138764338196,-0.0744022356811484,-0.01524872070709024,0.12366585188657928,0.0,0.053653704929972804,-0.0530163736222876,0.0,-0.009084812712794259,0.0709390482829834,0.796205019043005,0.0,0.2756434886321616,0.0,0.021466301731529573,0.0,0.18121551585254475,0.0,-0.034749303117666684,0.0,0.05091318060497699,0.0,-0.005083274604952832,0.0,-0.28244539762263055,0.0,-0.03977568961763529,0.0,-0.020872985119493273,0.0,0.0,0.0,-0.013455904064822574
